{
  "github": "https://github.com/eslint/eslint",
  "twitter": "https://twitter.com/geteslint",
  "chat": "https://eslint.org/chat",
  "mastodon": "https://fosstodon.org/@eslint",
  "bluesky": "https://bsky.app/profile/eslint.org",
  "blog": "/blog",
  "docs": "/docs/latest/",
  "playground": "/play",
  "codeExplorer": "https://explorer.eslint.org/",
  "getStarted": "/docs/latest/use/getting-started",
  "sponsors": "/sponsors",
  "branding": "/branding",
  "store": "https://eslint.threadless.com",
  "team": "/team",
  "configuring": "https://eslint.org/docs/latest/use/configure/",
  "fixProblems": "https://eslint.org/docs/latest/use/command-line-interface#fix-problems",
  "donate": "/donate",
  "openCollective": "https://opencollective.com/eslint",
  "githubSponsors": "https://github.com/sponsors/eslint"
}
