{
    "added": {
        "accessor-pairs": "0.22.0",
        "array-bracket-newline": "4.0.0-alpha.1",
        "array-bracket-spacing": "0.24.0",
        "array-callback-return": "2.0.0-alpha-1",
        "array-element-newline": "4.0.0-rc.0",
        "arrow-body-style": "1.8.0",
        "arrow-parens": "1.0.0-rc-1",
        "arrow-spacing": "1.0.0-rc-1",
        "block-scoped-var": "0.1.0",
        "block-spacing": "1.2.0",
        "brace-style": "0.0.7",
        "callback-return": "1.0.0-rc-1",
        "camelcase": "0.0.2",
        "capitalized-comments": "3.11.0",
        "class-methods-use-this": "3.4.0",
        "comma-dangle": "0.16.0",
        "comma-spacing": "0.9.0",
        "comma-style": "0.9.0",
        "complexity": "0.0.9",
        "computed-property-spacing": "0.23.0",
        "consistent-return": "0.4.0",
        "consistent-this": "0.0.9",
        "constructor-super": "0.24.0",
        "curly": "0.0.2",
        "default-case-last": "7.0.0-alpha.0",
        "default-case": "0.6.0",
        "default-param-last": "6.4.0",
        "dot-location": "0.21.0",
        "dot-notation": "0.0.7",
        "eol-last": "0.7.1",
        "eqeqeq": "0.0.2",
        "for-direction": "4.0.0-beta.0",
        "func-call-spacing": "3.3.0",
        "func-name-matching": "3.8.0",
        "func-names": "0.4.0",
        "func-style": "0.2.0",
        "function-call-argument-newline": "6.2.0",
        "function-paren-newline": "4.6.0",
        "generator-star-spacing": "0.17.0",
        "generator-star": "0.12.0",
        "getter-return": "4.2.0",
        "global-require": "1.4.0",
        "global-strict": "0.8.0",
        "grouped-accessor-pairs": "6.7.0",
        "guard-for-in": "0.0.6",
        "handle-callback-err": "0.4.5",
        "id-blacklist": "2.0.0-beta.2",
        "id-denylist": "7.4.0",
        "id-length": "1.0.0",
        "id-match": "1.0.0",
        "implicit-arrow-linebreak": "4.12.0",
        "indent-legacy": "4.0.0-alpha.0",
        "indent": "0.14.0",
        "init-declarations": "1.0.0-rc-1",
        "jsx-quotes": "1.4.0",
        "key-spacing": "0.9.0",
        "keyword-spacing": "2.0.0-beta.1",
        "line-comment-position": "3.5.0",
        "linebreak-style": "0.21.0",
        "lines-around-comment": "0.22.0",
        "lines-around-directive": "3.5.0",
        "lines-between-class-members": "4.9.0",
        "max-classes-per-file": "5.0.0-alpha.3",
        "max-depth": "0.0.9",
        "max-len": "0.0.9",
        "max-lines-per-function": "5.0.0",
        "max-lines": "2.12.0",
        "max-nested-callbacks": "0.2.0",
        "max-params": "0.0.9",
        "max-statements-per-line": "2.5.0",
        "max-statements": "0.0.9",
        "multiline-comment-style": "4.10.0",
        "multiline-ternary": "3.1.0",
        "new-cap": "0.0.3-0",
        "new-parens": "0.0.6",
        "newline-after-var": "0.18.0",
        "newline-before-return": "2.3.0",
        "newline-per-chained-call": "2.0.0-rc.0",
        "no-alert": "0.0.5",
        "no-array-constructor": "0.4.0",
        "no-arrow-condition": "1.8.0",
        "no-async-promise-executor": "5.3.0",
        "no-await-in-loop": "3.12.0",
        "no-bitwise": "0.0.2",
        "no-buffer-constructor": "4.0.0-alpha.0",
        "no-caller": "0.0.6",
        "no-case-declarations": "1.9.0",
        "no-catch-shadow": "0.0.9",
        "no-class-assign": "1.0.0-rc-1",
        "no-comma-dangle": "0.0.9",
        "no-compare-neg-zero": "3.17.0",
        "no-cond-assign": "0.0.9",
        "no-confusing-arrow": "2.0.0-alpha-2",
        "no-console": "0.0.2",
        "no-const-assign": "1.0.0-rc-1",
        "no-constant-binary-expression": "8.14.0",
        "no-constant-condition": "0.4.1",
        "no-constructor-return": "6.7.0",
        "no-continue": "0.19.0",
        "no-control-regex": "0.1.0",
        "no-debugger": "0.0.2",
        "no-delete-var": "0.0.9",
        "no-div-regex": "0.1.0",
        "no-dupe-args": "0.16.0",
        "no-dupe-class-members": "1.2.0",
        "no-dupe-else-if": "6.7.0",
        "no-dupe-keys": "0.0.9",
        "no-duplicate-case": "0.17.0",
        "no-duplicate-imports": "2.5.0",
        "no-else-return": "0.0.9",
        "no-empty-character-class": "0.22.0",
        "no-empty-class": "0.0.9",
        "no-empty-function": "2.0.0",
        "no-empty-label": "0.0.9",
        "no-empty-pattern": "1.7.0",
        "no-empty": "0.0.2",
        "no-eq-null": "0.0.9",
        "no-eval": "0.0.2",
        "no-ex-assign": "0.0.9",
        "no-extend-native": "0.1.4",
        "no-extra-bind": "0.8.0",
        "no-extra-boolean-cast": "0.4.0",
        "no-extra-label": "2.0.0-rc.0",
        "no-extra-parens": "0.1.4",
        "no-extra-semi": "0.0.9",
        "no-extra-strict": "0.3.0",
        "no-fallthrough": "0.0.7",
        "no-floating-decimal": "0.0.6",
        "no-func-assign": "0.0.9",
        "no-global-assign": "3.3.0",
        "no-implicit-coercion": "1.0.0-rc-2",
        "no-implicit-globals": "2.0.0-alpha-1",
        "no-implied-eval": "0.0.7",
        "no-import-assign": "6.4.0",
        "no-inline-comments": "0.10.0",
        "no-inner-declarations": "0.6.0",
        "no-invalid-regexp": "0.1.4",
        "no-invalid-this": "1.0.0-rc-2",
        "no-irregular-whitespace": "0.9.0",
        "no-iterator": "0.0.9",
        "no-label-var": "0.0.9",
        "no-labels": "0.4.0",
        "no-lone-blocks": "0.4.0",
        "no-lonely-if": "0.6.0",
        "no-loop-func": "0.0.9",
        "no-loss-of-precision": "7.1.0",
        "no-magic-numbers": "1.7.0",
        "no-misleading-character-class": "5.3.0",
        "no-mixed-operators": "2.12.0",
        "no-mixed-requires": "0.0.9",
        "no-mixed-spaces-and-tabs": "0.7.1",
        "no-multi-assign": "3.14.0",
        "no-multi-spaces": "0.9.0",
        "no-multi-str": "0.0.9",
        "no-multiple-empty-lines": "0.9.0",
        "no-native-reassign": "0.0.9",
        "no-negated-condition": "1.6.0",
        "no-negated-in-lhs": "0.1.2",
        "no-nested-ternary": "0.2.0",
        "no-new-func": "0.0.7",
        "no-new-object": "0.0.9",
        "no-new-require": "0.6.0",
        "no-new-symbol": "2.0.0-beta.1",
        "no-new-wrappers": "0.0.6",
        "no-new": "0.0.7",
        "no-nonoctal-decimal-escape": "7.14.0",
        "no-obj-calls": "0.0.9",
        "no-octal-escape": "0.0.9",
        "no-octal": "0.0.6",
        "no-param-reassign": "0.18.0",
        "no-path-concat": "0.4.0",
        "no-plusplus": "0.0.9",
        "no-process-env": "0.9.0",
        "no-process-exit": "0.4.0",
        "no-promise-executor-return": "7.3.0",
        "no-proto": "0.0.9",
        "no-prototype-builtins": "2.11.0",
        "no-redeclare": "0.0.9",
        "no-regex-spaces": "0.4.0",
        "no-reserved-keys": "0.8.0",
        "no-restricted-exports": "7.0.0-alpha.0",
        "no-restricted-globals": "2.3.0",
        "no-restricted-imports": "2.0.0-alpha-1",
        "no-restricted-modules": "0.6.0",
        "no-restricted-properties": "3.5.0",
        "no-restricted-syntax": "1.4.0",
        "no-return-assign": "0.0.9",
        "no-return-await": "3.10.0",
        "no-script-url": "0.0.9",
        "no-self-assign": "2.0.0-rc.0",
        "no-self-compare": "0.0.9",
        "no-sequences": "0.5.1",
        "no-setter-return": "6.7.0",
        "no-shadow-restricted-names": "0.1.4",
        "no-shadow": "0.0.9",
        "no-space-before-semi": "0.4.3",
        "no-spaced-func": "0.1.2",
        "no-sparse-arrays": "0.4.0",
        "no-sync": "0.0.9",
        "no-tabs": "3.2.0",
        "no-template-curly-in-string": "3.3.0",
        "no-ternary": "0.0.9",
        "no-this-before-super": "0.24.0",
        "no-throw-literal": "0.15.0",
        "no-trailing-spaces": "0.7.1",
        "no-undef-init": "0.0.6",
        "no-undef": "0.0.9",
        "no-undefined": "0.7.1",
        "no-underscore-dangle": "0.0.9",
        "no-unexpected-multiline": "0.24.0",
        "no-unmodified-loop-condition": "2.0.0-alpha-2",
        "no-unneeded-ternary": "0.21.0",
        "no-unreachable-loop": "7.3.0",
        "no-unreachable": "0.0.6",
        "no-unsafe-finally": "2.9.0",
        "no-unsafe-negation": "3.3.0",
        "no-unsafe-optional-chaining": "7.15.0",
        "no-unused-expressions": "0.1.0",
        "no-unused-labels": "2.0.0-rc.0",
        "no-unused-private-class-members": "8.1.0",
        "no-unused-vars": "0.0.9",
        "no-use-before-define": "0.0.9",
        "no-useless-backreference": "7.0.0-alpha.0",
        "no-useless-call": "1.0.0-rc-1",
        "no-useless-catch": "5.11.0",
        "no-useless-computed-key": "2.9.0",
        "no-useless-concat": "1.3.0",
        "no-useless-constructor": "2.0.0-beta.1",
        "no-useless-escape": "2.5.0",
        "no-useless-rename": "2.11.0",
        "no-useless-return": "3.9.0",
        "no-var": "0.12.0",
        "no-void": "0.8.0",
        "no-warning-comments": "0.4.4",
        "no-whitespace-before-property": "2.0.0-beta.1",
        "no-with": "0.0.2",
        "no-wrap-func": "0.0.9",
        "nonblock-statement-body-position": "3.17.0",
        "object-curly-newline": "2.12.0",
        "object-curly-spacing": "0.22.0",
        "object-property-newline": "2.10.0",
        "object-shorthand": "0.20.0",
        "one-var-declaration-per-line": "2.0.0-beta.3",
        "one-var": "0.0.9",
        "operator-assignment": "0.10.0",
        "operator-linebreak": "0.19.0",
        "padded-blocks": "0.9.0",
        "padding-line-between-statements": "4.0.0-beta.0",
        "prefer-arrow-callback": "1.2.0",
        "prefer-const": "0.23.0",
        "prefer-destructuring": "3.13.0",
        "prefer-exponentiation-operator": "6.7.0",
        "prefer-named-capture-group": "5.15.0",
        "prefer-numeric-literals": "3.5.0",
        "prefer-object-has-own": "8.5.0",
        "prefer-object-spread": "5.0.0-alpha.3",
        "prefer-promise-reject-errors": "3.14.0",
        "prefer-reflect": "1.0.0-rc-2",
        "prefer-regex-literals": "6.4.0",
        "prefer-rest-params": "2.0.0-alpha-1",
        "prefer-spread": "1.0.0-rc-1",
        "prefer-template": "1.2.0",
        "quote-props": "0.0.6",
        "quotes": "0.0.7",
        "radix": "0.0.7",
        "require-atomic-updates": "5.3.0",
        "require-await": "3.11.0",
        "require-jsdoc": "1.4.0",
        "require-unicode-regexp": "5.3.0",
        "require-yield": "1.0.0-rc-1",
        "rest-spread-spacing": "2.12.0",
        "semi-spacing": "0.16.0",
        "semi-style": "4.0.0-beta.0",
        "semi": "0.0.6",
        "sort-imports": "2.0.0-beta.1",
        "sort-keys": "3.3.0",
        "sort-vars": "0.2.0",
        "space-after-function-name": "0.11.0",
        "space-after-keywords": "0.6.0",
        "space-before-blocks": "0.9.0",
        "space-before-function-paren": "0.18.0",
        "space-before-function-parentheses": "0.15.0",
        "space-before-keywords": "1.4.0",
        "space-in-brackets": "0.4.1",
        "space-in-parens": "0.8.0",
        "space-infix-ops": "0.2.0",
        "space-return-throw-case": "0.1.4",
        "space-unary-ops": "0.10.0",
        "space-unary-word-ops": "0.1.4",
        "spaced-comment": "0.23.0",
        "spaced-line-comment": "0.9.0",
        "strict": "0.1.0",
        "switch-colon-spacing": "4.0.0-beta.0",
        "symbol-description": "3.4.0",
        "template-curly-spacing": "2.0.0-rc.0",
        "template-tag-spacing": "3.15.0",
        "unicode-bom": "2.11.0",
        "use-isnan": "0.0.6",
        "valid-jsdoc": "0.4.0",
        "valid-typeof": "0.5.0",
        "vars-on-top": "0.8.0",
        "wrap-iife": "0.0.9",
        "wrap-regex": "0.1.0",
        "yield-star-spacing": "2.0.0-alpha-1",
        "yoda": "0.7.1",
        "logical-assignment-operators": "8.24.0",
        "no-empty-static-block": "8.27.0",
        "no-new-native-nonconstructor": "8.27.0",
        "no-object-constructor": "8.50.0",
        "no-useless-assignment": "9.0.0-alpha.1",
        "no-unassigned-vars": "9.27.0",
        "preserve-caught-error": "9.35.0"
    },
    "removed": {
        "generator-star": "1.0.0-rc-1",
        "global-strict": "1.0.0-rc-1",
        "no-arrow-condition": "2.0.0-beta.3",
        "no-comma-dangle": "1.0.0-rc-1",
        "no-empty-class": "1.0.0-rc-1",
        "no-empty-label": "2.0.0-rc.0",
        "no-extra-strict": "1.0.0-rc-1",
        "no-reserved-keys": "1.0.0",
        "no-space-before-semi": "1.0.0-rc-1",
        "no-wrap-func": "1.0.0-rc-1",
        "space-after-function-name": "1.0.0-rc-1",
        "space-after-keywords": "2.0.0-beta.3",
        "space-before-function-parentheses": "1.0.0-rc-1",
        "space-before-keywords": "2.0.0-beta.3",
        "space-in-brackets": "1.0.0-rc-1",
        "space-return-throw-case": "2.0.0-beta.3",
        "space-unary-word-ops": "0.10.0",
        "spaced-line-comment": "1.0.0-rc-1",
        "require-jsdoc": "9.0.0-alpha.0",
        "valid-jsdoc": "9.0.0-alpha.0"
    }
}